model,fold,mae
DummyMedian,1,207.92873581674158
DummyMedian,2,190.9970777135517
DummyMedian,3,177.61377114108328
DummyMedian,4,137.03948298008993
DummyMedian,5,148.79336330550203
RandomForest,1,199.89588112688776
RandomForest,2,178.49124457412032
RandomForest,3,161.4351502438258
RandomForest,4,125.88973603546314
RandomForest,5,142.3209101202671
GradientBoosting,1,196.4410067720111
GradientBoosting,2,177.38954110364344
GradientBoosting,3,161.82034240902513
GradientBoosting,4,125.2061661271537
GradientBoosting,5,143.69692518235178
